{
  "hash": "17ca20ae",
  "configHash": "b48ee2b7",
  "lockfileHash": "bd4e176f",
  "browserHash": "aa033192",
  "optimized": {
    "@angular/cdk/bidi": {
      "src": "../../../../../../node_modules/@angular/cdk/fesm2022/bidi.mjs",
      "file": "@angular_cdk_bidi.js",
      "fileHash": "013d4b62",
      "needsInterop": false
    },
    "@angular/cdk/text-field": {
      "src": "../../../../../../node_modules/@angular/cdk/fesm2022/text-field.mjs",
      "file": "@angular_cdk_text-field.js",
      "fileHash": "314790c1",
      "needsInterop": false
    },
    "@angular/common/http": {
      "src": "../../../../../../node_modules/@angular/common/fesm2022/http.mjs",
      "file": "@angular_common_http.js",
      "fileHash": "62cdb861",
      "needsInterop": false
    },
    "@angular/core": {
      "src": "../../../../../../node_modules/@angular/core/fesm2022/core.mjs",
      "file": "@angular_core.js",
      "fileHash": "293baa1d",
      "needsInterop": false
    },
    "@angular/forms": {
      "src": "../../../../../../node_modules/@angular/forms/fesm2022/forms.mjs",
      "file": "@angular_forms.js",
      "fileHash": "0e56f820",
      "needsInterop": false
    },
    "@angular/material/button": {
      "src": "../../../../../../node_modules/@angular/material/fesm2022/button.mjs",
      "file": "@angular_material_button.js",
      "fileHash": "7c92228d",
      "needsInterop": false
    },
    "@angular/material/card": {
      "src": "../../../../../../node_modules/@angular/material/fesm2022/card.mjs",
      "file": "@angular_material_card.js",
      "fileHash": "eac737eb",
      "needsInterop": false
    },
    "@angular/material/icon": {
      "src": "../../../../../../node_modules/@angular/material/fesm2022/icon.mjs",
      "file": "@angular_material_icon.js",
      "fileHash": "5da526e0",
      "needsInterop": false
    },
    "@angular/material/input": {
      "src": "../../../../../../node_modules/@angular/material/fesm2022/input.mjs",
      "file": "@angular_material_input.js",
      "fileHash": "7df0a0a8",
      "needsInterop": false
    },
    "@angular/platform-browser": {
      "src": "../../../../../../node_modules/@angular/platform-browser/fesm2022/platform-browser.mjs",
      "file": "@angular_platform-browser.js",
      "fileHash": "22fb2031",
      "needsInterop": false
    },
    "@angular/router": {
      "src": "../../../../../../node_modules/@angular/router/fesm2022/router.mjs",
      "file": "@angular_router.js",
      "fileHash": "1fe26ff4",
      "needsInterop": false
    },
    "rxjs": {
      "src": "../../../../../../node_modules/rxjs/dist/esm5/index.js",
      "file": "rxjs.js",
      "fileHash": "5c394bc2",
      "needsInterop": false
    },
    "@microsoft/signalr": {
      "src": "../../../../../../node_modules/@microsoft/signalr/dist/esm/index.js",
      "file": "@microsoft_signalr.js",
      "fileHash": "74c4cc2f",
      "needsInterop": false
    },
    "@angular/common": {
      "src": "../../../../../../node_modules/@angular/common/fesm2022/common.mjs",
      "file": "@angular_common.js",
      "fileHash": "8b06c0f2",
      "needsInterop": false
    },
    "@angular/material/sidenav": {
      "src": "../../../../../../node_modules/@angular/material/fesm2022/sidenav.mjs",
      "file": "@angular_material_sidenav.js",
      "fileHash": "f876b987",
      "needsInterop": false
    },
    "@angular/material/toolbar": {
      "src": "../../../../../../node_modules/@angular/material/fesm2022/toolbar.mjs",
      "file": "@angular_material_toolbar.js",
      "fileHash": "fa586d00",
      "needsInterop": false
    },
    "@angular/material/form-field": {
      "src": "../../../../../../node_modules/@angular/material/fesm2022/form-field.mjs",
      "file": "@angular_material_form-field.js",
      "fileHash": "afa13ded",
      "needsInterop": false
    },
    "@angular/material/list": {
      "src": "../../../../../../node_modules/@angular/material/fesm2022/list.mjs",
      "file": "@angular_material_list.js",
      "fileHash": "f0c4aa9e",
      "needsInterop": false
    },
    "@angular/cdk/scrolling": {
      "src": "../../../../../../node_modules/@angular/cdk/fesm2022/scrolling.mjs",
      "file": "@angular_cdk_scrolling.js",
      "fileHash": "eff8b4c7",
      "needsInterop": false
    },
    "@angular/material/table": {
      "src": "../../../../../../node_modules/@angular/material/fesm2022/table.mjs",
      "file": "@angular_material_table.js",
      "fileHash": "f6d89fc8",
      "needsInterop": false
    }
  },
  "chunks": {
    "chunk-VVMWU672": {
      "file": "chunk-VVMWU672.js"
    },
    "chunk-AVIOLU6L": {
      "file": "chunk-AVIOLU6L.js"
    },
    "chunk-LYOYLWTV": {
      "file": "chunk-LYOYLWTV.js"
    },
    "chunk-ALZKRW3J": {
      "file": "chunk-ALZKRW3J.js"
    },
    "chunk-YNCHJDHD": {
      "file": "chunk-YNCHJDHD.js"
    },
    "chunk-GWSCLB3H": {
      "file": "chunk-GWSCLB3H.js"
    },
    "chunk-4CJW3V7J": {
      "file": "chunk-4CJW3V7J.js"
    },
    "chunk-DAU4NIB7": {
      "file": "chunk-DAU4NIB7.js"
    },
    "chunk-HP3IN5OI": {
      "file": "chunk-HP3IN5OI.js"
    },
    "chunk-QUB5ZF7M": {
      "file": "chunk-QUB5ZF7M.js"
    },
    "chunk-AGZFHLKA": {
      "file": "chunk-AGZFHLKA.js"
    },
    "chunk-2O4WY5GE": {
      "file": "chunk-2O4WY5GE.js"
    },
    "chunk-4EXWWQPG": {
      "file": "chunk-4EXWWQPG.js"
    },
    "chunk-6CRJE7SS": {
      "file": "chunk-6CRJE7SS.js"
    },
    "chunk-Y2YUGPZE": {
      "file": "chunk-Y2YUGPZE.js"
    },
    "chunk-MZUK2QBC": {
      "file": "chunk-MZUK2QBC.js"
    },
    "chunk-N2UZFPUH": {
      "file": "chunk-N2UZFPUH.js"
    },
    "chunk-KMIIWW3J": {
      "file": "chunk-KMIIWW3J.js"
    },
    "chunk-43PUTKOD": {
      "file": "chunk-43PUTKOD.js"
    },
    "chunk-P6U2JBMQ": {
      "file": "chunk-P6U2JBMQ.js"
    },
    "chunk-J25FJFZE": {
      "file": "chunk-J25FJFZE.js"
    }
  }
}